﻿,Plant.ID,treatment,emergence,cotyledon.mm
1,CATO_7,Birds & insects,1,298
2,CATO_7,Birds & insects,1,287
3,CATO_7,Birds & insects,1,290
4,CATO_7,Birds & insects,1,244
5,CATO_7,Birds & insects,1,211
6,CATO_7,Birds & insects,1,283
7,CATO_7,Birds & insects,1,288
8,CATO_7,Birds & insects,1,279
9,CATO_7,Birds & insects,1,293
10,CATO_7,Birds & insects,1,317
11,CATO_7,Birds & insects,1,316
12,CATO_7,Birds & insects,1,322
13,CATO_8,Birds & insects,0,0
14,CATO_8,Birds & insects,1,238
15,CATO_8,Birds & insects,1,292
16,CATO_8,Birds & insects,1,285
17,CATO_8,Birds & insects,0,0
18,CATO_8,Birds & insects,0,0
19,CATO_8,Birds & insects,0,0
20,CATO_8,Birds & insects,0,0
21,CATO_8,Birds & insects,1,235
22,CATO_8,Birds & insects,0,0
23,CATO_8,Birds & insects,0,0
24,CATO_14,Birds & insects,1,221
25,CATO_14,Birds & insects,1,265
26,CATO_14,Birds & insects,1,216
27,CATO_14,Birds & insects,0,0
28,CATO_14,Birds & insects,0,0
29,CATO_14,Birds & insects,0,0
30,CATO_15,Birds & insects,1,270
31,CATO_15,Birds & insects,0,0
32,CATO_15,Birds & insects,0,0
33,CATO_15,Birds & insects,1,279
34,CATO_15,Birds & insects,0,0
35,CATO_15,Birds & insects,0,0
36,CATO_15,Birds & insects,0,0
37,CATO_15,Birds & insects,0,0
38,CATO_15,Birds & insects,0,0
39,CATO_15,Birds & insects,1,294
40,CATO_15,Birds & insects,0,0
41,CATO_15,Birds & insects,0,0
42,CATO_17,Birds & insects,1,144
43,CATO_17,Birds & insects,0,0
44,CATO_17,Birds & insects,0,0
45,CATO_17,Birds & insects,0,0
46,CATO_17,Birds & insects,1,286
47,CATO_17,Birds & insects,1,240
48,CATO_17,Birds & insects,0,0
49,CATO_17,Birds & insects,1,158
50,CATO_17,Birds & insects,1,263
51,CATO_17,Birds & insects,1,191
52,CATO_17,Birds & insects,1,220
53,CATO_17,Birds & insects,1,241
54,CATO_21,Birds & insects,0,0
55,CATO_21,Birds & insects,0,0
56,CATO_21,Birds & insects,0,0
57,CATO_21,Birds & insects,0,0
58,CATO_21,Birds & insects,1,293
59,CATO_21,Birds & insects,0,0
60,CATO_21,Birds & insects,1,266
61,CATO_21,Birds & insects,1,275
62,CATO_21,Birds & insects,1,259
63,CATO_21,Birds & insects,1,268
64,CATO_21,Birds & insects,1,245
65,CATO_23,Birds & insects,1,248
66,CATO_23,Birds & insects,1,217
67,CATO_23,Birds & insects,1,263
68,CATO_23,Birds & insects,1,281
69,CATO_23,Birds & insects,1,232
70,CATO_23,Birds & insects,1,245
71,CATO_23,Birds & insects,1,258
72,CATO_23,Birds & insects,1,254
73,CATO_23,Birds & insects,1,261
74,CATO_23,Birds & insects,1,167
75,CATO_23,Birds & insects,1,273
76,CATO_23,Birds & insects,1,247
77,CATO_1,Mammals only,0,0
78,CATO_1,Mammals only,0,0
79,CATO_1,Mammals only,0,0
80,CATO_1,Mammals only,1,240
81,CATO_1,Mammals only,0,0
82,CATO_1,Mammals only,1,231
83,CATO_1,Mammals only,0,0
84,CATO_1,Mammals only,0,0
85,CATO_1,Mammals only,1,278
86,CATO_1,Mammals only,0,0
87,CATO_1,Mammals only,1,254
88,CATO_1,Mammals only,1,237
89,CATO_4,Mammals only,0,0
90,CATO_4,Mammals only,1,201
91,CATO_4,Mammals only,0,0
92,CATO_4,Mammals only,1,241
93,CATO_4,Mammals only,0,0
94,CATO_4,Mammals only,1,223
95,CATO_4,Mammals only,1,271
96,CATO_4,Mammals only,0,0
97,CATO_4,Mammals only,0,0
98,CATO_4,Mammals only,1,278
99,CATO_4,Mammals only,1,221
100,CATO_4,Mammals only,1,260
101,CATO_5,Mammals only,1,168
102,CATO_5,Mammals only,0,0
103,CATO_5,Mammals only,0,0
104,CATO_5,Mammals only,1,215
105,CATO_5,Mammals only,1,174
106,CATO_5,Mammals only,1,222
107,CATO_5,Mammals only,0,0
108,CATO_5,Mammals only,0,0
109,CATO_5,Mammals only,0,0
110,CATO_5,Mammals only,1,197
111,CATO_6,Mammals only,0,0
112,CATO_6,Mammals only,1,166
113,CATO_6,Mammals only,0,0
114,CATO_6,Mammals only,1,240
115,CATO_6,Mammals only,1,277
116,CATO_6,Mammals only,1,263
117,CATO_6,Mammals only,0,0
118,CATO_6,Mammals only,1,262
119,CATO_6,Mammals only,0,0
120,CATO_6,Mammals only,0,0
121,CATO_6,Mammals only,1,234
122,CATO_6,Mammals only,1,217
123,CATO_13,Mammals only,1,288
124,CATO_13,Mammals only,0,0
132,CATO_13,Mammals only,1,267
133,CATO_13,Mammals only,1,275
134,CATO_13,Mammals only,0,0
135,CATO_13,Mammals only,1,243
136,CATO_13,Mammals only,1,240
137,CATO_13,Mammals only,0,0
138,CATO_13,Mammals only,0,0
139,CATO_13,Mammals only,1,257
140,CATO_13,Mammals only,1,242
141,CATO_13,Mammals only,0,0
142,CATO_16,Mammals only,0,0
143,CATO_16,Mammals only,0,0
144,CATO_16,Mammals only,0,0
145,CATO_16,Mammals only,1,253
146,CATO_19,Mammals only,1,250
147,CATO_19,Mammals only,0,0
148,CATO_19,Mammals only,1,163
149,CATO_19,Mammals only,0,0
150,CATO_19,Mammals only,1,252
151,CATO_19,Mammals only,0,0
152,CATO_19,Mammals only,1,194
153,CATO_19,Mammals only,1,251
154,CATO_19,Mammals only,1,282
155,CATO_19,Mammals only,1,248
156,CATO_19,Mammals only,1,276
157,CATO_19,Mammals only,1,210
158,CATO_20,Mammals only,1,245
159,CATO_20,Mammals only,1,277
160,CATO_20,Mammals only,1,285
161,CATO_20,Mammals only,1,304
162,CATO_20,Mammals only,1,199
163,CATO_20,Mammals only,1,271
164,CATO_20,Mammals only,0,0
165,CATO_20,Mammals only,1,301
166,CATO_20,Mammals only,0,0
167,CATO_20,Mammals only,0,0
168,CATO_20,Mammals only,0,0
169,CATO_20,Mammals only,1,312
170,CATO_2,Insects only,0,0
171,CATO_2,Insects only,1,243
172,CATO_2,Insects only,1,232
173,CATO_2,Insects only,1,246
174,CATO_2,Insects only,1,274
175,CATO_2,Insects only,1,261
176,CATO_2,Insects only,1,245
177,CATO_2,Insects only,1,243
178,CATO_2,Insects only,1,221
179,CATO_2,Insects only,1,241
180,CATO_2,Insects only,1,247
181,CATO_2,Insects only,1,255
182,CATO_9,Insects only,0,0
183,CATO_9,Insects only,1,284
184,CATO_9,Insects only,0,0
185,CATO_9,Insects only,1,236
186,CATO_9,Insects only,0,0
187,CATO_9,Insects only,1,247
188,CATO_9,Insects only,1,266
189,CATO_9,Insects only,1,260
190,CATO_10,Insects only,1,266
191,CATO_10,Insects only,1,284
192,CATO_10,Insects only,1,268
193,CATO_10,Insects only,1,276
194,CATO_10,Insects only,1,251
195,CATO_10,Insects only,1,235
196,CATO_10,Insects only,0,0
197,CATO_10,Insects only,1,250
198,CATO_10,Insects only,0,0
199,CATO_10,Insects only,1,254
200,CATO_10,Insects only,1,238
201,CATO_10,Insects only,1,232
202,CATO_12,Insects only,0,0
203,CATO_12,Insects only,0,0
204,CATO_12,Insects only,1,248
205,CATO_12,Insects only,1,182
206,CATO_12,Insects only,0,0
207,CATO_12,Insects only,1,241
208,CATO_12,Insects only,1,166
125,CATO_12,Insects only,0,0
126,CATO_12,Insects only,0,0
127,CATO_12,Insects only,1,239
128,CATO_12,Insects only,1,186
129,CATO_12,Insects only,0,0
130,CATO_15,Insects only,0,0
131,CATO_15,Insects only,0,0
209,CATO_15,Insects only,1,235
210,CATO_15,Insects only,0,0
211,CATO_15,Insects only,0,0
212,CATO_15,Insects only,0,0
213,CATO_15,Insects only,0,0
214,CATO_15,Insects only,0,0
215,CATO_15,Insects only,0,0
216,CATO_15,Insects only,0,0
217,CATO_15,Insects only,0,0
218,CATO_15,Insects only,0,0
219,CATO_21,Insects only,1,252
220,CATO_21,Insects only,1,238
221,CATO_21,Insects only,0,0
222,CATO_21,Insects only,1,293
223,CATO_21,Insects only,1,240
224,CATO_21,Insects only,1,221
225,CATO_21,Insects only,1,306
226,CATO_21,Insects only,1,268
227,CATO_21,Insects only,0,0
228,CATO_21,Insects only,1,286
229,CATO_21,Insects only,0,0
230,CATO_21,Insects only,1,247
231,CATO_22,Insects only,1,245
232,CATO_22,Insects only,1,150
233,CATO_22,Insects only,1,164
234,CATO_22,Insects only,1,201
235,CATO_22,Insects only,1,217
236,CATO_22,Insects only,0,0
237,CATO_22,Insects only,1,196
238,CATO_22,Insects only,1,191
239,CATO_22,Insects only,0,0
240,CATO_22,Insects only,1,202
241,CATO_22,Insects only,0,0
242,CATO_22,Insects only,1,197
243,CATO_24,Insects only,1,142
244,CATO_24,Insects only,0,0
245,CATO_24,Insects only,1,127
246,CATO_24,Insects only,0,0
247,CATO_24,Insects only,1,228
248,CATO_24,Insects only,1,201
249,CATO_24,Insects only,0,0
250,CATO_24,Insects only,0,0
251,CATO_24,Insects only,1,214
252,CATO_24,Insects only,0,0
253,CATO_24,Insects only,0,0
254,CATO_24,Insects only,1,188
255,CATO_1,Open,1,250
256,CATO_1,Open,1,221
257,CATO_1,Open,0,0
258,CATO_1,Open,1,228
259,CATO_1,Open,1,257
260,CATO_1,Open,1,226
261,CATO_1,Open,1,253
262,CATO_1,Open,1,197
263,CATO_1,Open,0,0
264,CATO_1,Open,0,0
265,CATO_1,Open,1,263
266,CATO_1,Open,0,0
267,CATO_4,Open,0,0
268,CATO_4,Open,1,265
269,CATO_4,Open,0,0
270,CATO_4,Open,0,0
271,CATO_4,Open,0,0
272,CATO_4,Open,1,272
273,CATO_4,Open,1,268
274,CATO_4,Open,0,0
275,CATO_4,Open,1,279
276,CATO_4,Open,1,211
277,CATO_4,Open,1,215
278,CATO_4,Open,1,245
279,CATO_5,Open,1,231
280,CATO_5,Open,0,0
281,CATO_5,Open,1,212
282,CATO_5,Open,1,227
283,CATO_5,Open,1,213
284,CATO_5,Open,1,261
285,CATO_5,Open,1,223
286,CATO_5,Open,1,186
287,CATO_6,Open,0,0
288,CATO_6,Open,0,0
289,CATO_6,Open,0,0
290,CATO_6,Open,0,0
291,CATO_6,Open,0,0
292,CATO_6,Open,1,196
293,CATO_6,Open,1,230
294,CATO_6,Open,1,228
295,CATO_6,Open,1,240
296,CATO_6,Open,1,168
297,CATO_6,Open,0,0
298,CATO_6,Open,0,0
299,CATO_13,Open,1,217
300,CATO_13,Open,1,250
301,CATO_13,Open,0,0
302,CATO_13,Open,0,0
303,CATO_13,Open,1,169
304,CATO_13,Open,1,171
305,CATO_13,Open,1,264
306,CATO_13,Open,1,254
307,CATO_13,Open,1,209
308,CATO_13,Open,0,0
309,CATO_13,Open,0,0
310,CATO_13,Open,1,199
311,CATO_16,Open,1,235
312,CATO_16,Open,1,255
313,CATO_16,Open,1,238
314,CATO_16,Open,1,217
315,CATO_16,Open,1,284
316,CATO_16,Open,0,0
317,CATO_16,Open,1,164
318,CATO_16,Open,1,261
319,CATO_16,Open,0,0
320,CATO_16,Open,0,0
321,CATO_16,Open,1,244
322,CATO_16,Open,0,0
323,CATO_18,Open,0,0
324,CATO_18,Open,1,247
325,CATO_18,Open,1,259
326,CATO_18,Open,1,233
327,CATO_18,Open,1,223
328,CATO_18,Open,1,253
329,CATO_18,Open,0,0
330,CATO_18,Open,1,251
331,CATO_18,Open,1,244
332,CATO_18,Open,1,199
333,CATO_18,Open,0,0
334,CATO_18,Open,1,207
335,CATO_19,Open,1,225
336,CATO_19,Open,1,181
337,CATO_19,Open,0,0
338,CATO_19,Open,0,0
339,CATO_19,Open,0,0
340,CATO_19,Open,0,0
341,CATO_19,Open,0,0
342,CATO_19,Open,0,0
343,CATO_19,Open,0,0
344,CATO_19,Open,1,217
345,CATO_19,Open,0,0
346,CATO_19,Open,0,0
347,CATO_20,Open,0,0
348,CATO_20,Open,1,280
349,CATO_20,Open,1,263
350,CATO_20,Open,1,233
351,CATO_20,Open,0,0
352,CATO_20,Open,1,289
353,CATO_20,Open,1,267
354,CATO_20,Open,0,0
355,CATO_20,Open,1,278
356,CATO_20,Open,1,303
357,CATO_20,Open,1,291
358,CATO_20,Open,1,316
359,CATO_3,Pollen suppl.,1,244
360,CATO_3,Pollen suppl.,1,277
361,CATO_3,Pollen suppl.,1,243
362,CATO_3,Pollen suppl.,1,274
363,CATO_3,Pollen suppl.,1,273
364,CATO_3,Pollen suppl.,1,272
365,CATO_3,Pollen suppl.,1,262
366,CATO_3,Pollen suppl.,1,276
367,CATO_3,Pollen suppl.,0,0
368,CATO_3,Pollen suppl.,1,255
369,CATO_3,Pollen suppl.,1,279
370,CATO_3,Pollen suppl.,1,269
371,CATO_4,Pollen suppl.,1,273
372,CATO_4,Pollen suppl.,0,0
373,CATO_4,Pollen suppl.,0,0
374,CATO_4,Pollen suppl.,1,242
375,CATO_4,Pollen suppl.,0,0
376,CATO_4,Pollen suppl.,1,219
377,CATO_4,Pollen suppl.,0,0
378,CATO_4,Pollen suppl.,1,277
379,CATO_4,Pollen suppl.,1,224
380,CATO_4,Pollen suppl.,1,263
381,CATO_4,Pollen suppl.,1,266
382,CATO_4,Pollen suppl.,1,256
383,CATO_13,Pollen suppl.,1,240
384,CATO_13,Pollen suppl.,1,251
385,CATO_13,Pollen suppl.,1,238
386,CATO_13,Pollen suppl.,1,233
387,CATO_13,Pollen suppl.,1,255
388,CATO_13,Pollen suppl.,1,263
389,CATO_13,Pollen suppl.,1,255
390,CATO_13,Pollen suppl.,1,176
391,CATO_13,Pollen suppl.,1,275
392,CATO_13,Pollen suppl.,1,292
393,CATO_13,Pollen suppl.,1,259
394,CATO_13,Pollen suppl.,1,286
395,CATO_16,Pollen suppl.,1,169
396,CATO_16,Pollen suppl.,0,0
397,CATO_16,Pollen suppl.,0,0
398,CATO_16,Pollen suppl.,1,223
399,CATO_19,Pollen suppl.,1,215
400,CATO_19,Pollen suppl.,0,0
401,CATO_19,Pollen suppl.,1,254
402,CATO_19,Pollen suppl.,1,254
403,CATO_19,Pollen suppl.,0,0
404,CATO_19,Pollen suppl.,0,0
405,CATO_20,Pollen suppl.,1,285
406,CATO_20,Pollen suppl.,0,0
407,CATO_20,Pollen suppl.,1,265
408,CATO_20,Pollen suppl.,1,295
409,CATO_20,Pollen suppl.,1,218
410,CATO_20,Pollen suppl.,1,326
411,CATO_20,Pollen suppl.,0,0
412,CATO_20,Pollen suppl.,1,291
413,CATO_20,Pollen suppl.,1,290
414,CATO_20,Pollen suppl.,1,293
415,CATO_20,Pollen suppl.,1,292
416,CATO_23,Pollen suppl.,1,248
417,CATO_23,Pollen suppl.,1,147
418,CATO_23,Pollen suppl.,1,235
419,CATO_23,Pollen suppl.,1,234
420,CATO_23,Pollen suppl.,1,254
421,CATO_23,Pollen suppl.,1,253
422,CATO_23,Pollen suppl.,0,0
423,CATO_23,Pollen suppl.,1,273
424,CATO_23,Pollen suppl.,0,0
425,CATO_23,Pollen suppl.,1,259
426,CATO_23,Pollen suppl.,1,264
427,CATO_23,Pollen suppl.,1,223
,,,,
,,,,
,,,,
,,,,
,,,,
,,,,
,,,,
,,,,
,,,,
,,,,
,,,,
,,,,
,,,,
,,,,
,,,,
,,,,
,,,,
,,,,
,,,,
,,,,
,,,,
,,,,
,,,,
,,,,
,,,,
,,,,
,,,,
,,,,
,,,,
,,,,
,,,,
,,,,
,,,,
,,,,
,,,,
,,,,
,,,,
,,,,
,,,,
,,,,
,,,,
,,,,
,,,,
,,,,
,,,,
,,,,
,,,,
,,,,
,,,,
,,,,
,,,,
,,,,
,,,,
,,,,
,,,,
,,,,
,,,,
,,,,
,,,,
,,,,
,,,,
,,,,
,,,,
,,,,
,,,,
,,,,
,,,,
,,,,
,,,,
,,,,
,,,,
,,,,
,,,,
,,,,
,,,,
,,,,
,,,,
,,,,
,,,,
,,,,
,,,,
,,,,
,,,,
,,,,
,,,,
,,,,
,,,,
,,,,
,,,,
,,,,
,,,,
,,,,
,,,,
,,,,
,,,,
,,,,
,,,,
,,,,
,,,,
,,,,
,,,,
,,,,
,,,,
,,,,
,,,,
,,,,
,,,,
,,,,
,,,,
,,,,
,,,,
,,,,
,,,,
,,,,
,,,,
,,,,
,,,,
,,,,
,,,,
,,,,
,,,,
,,,,
,,,,
,,,,
,,,,
,,,,
,,,,
,,,,
,,,,
,,,,
,,,,
,,,,
,,,,
,,,,
,,,,
,,,,
,,,,
,,,,
,,,,
,,,,
,,,,
,,,,
,,,,
,,,,
,,,,
,,,,
,,,,
,,,,
,,,,
,,,,
,,,,
,,,,
,,,,
,,,,
,,,,
,,,,
,,,,
,,,,
,,,,
,,,,
,,,,
,,,,
,,,,
,,,,
,,,,
,,,,
,,,,
,,,,
,,,,
,,,,
,,,,
,,,,
,,,,
,,,,
,,,,
,,,,
,,,,
,,,,
,,,,
,,,,
,,,,
,,,,
,,,,
,,,,
,,,,
,,,,
,,,,
,,,,
,,,,
,,,,
,,,,
,,,,
,,,,
,,,,
,,,,
,,,,
,,,,
,,,,
,,,,
,,,,
,,,,
,,,,
,,,,
,,,,
,,,,
,,,,
,,,,
,,,,
,,,,
,,,,
,,,,
,,,,
,,,,
,,,,
,,,,
,,,,
,,,,
,,,,
,,,,
,,,,
,,,,
,,,,
,,,,
,,,,
,,,,
,,,,
,,,,
,,,,
,,,,
,,,,
,,,,
,,,,
,,,,
,,,,
,,,,
,,,,
,,,,
,,,,
,,,,
,,,,
,,,,
,,,,
,,,,
,,,,
,,,,
,,,,
,,,,
,,,,
,,,,
,,,,
,,,,
,,,,
,,,,
,,,,
,,,,
,,,,
,,,,
,,,,
,,,,
,,,,
,,,,
,,,,
,,,,
,,,,
,,,,
,,,,
,,,,
,,,,
,,,,
,,,,
,,,,
,,,,
,,,,
,,,,
,,,,
,,,,
,,,,
,,,,
,,,,
,,,,
,,,,
,,,,
,,,,
,,,,
,,,,
,,,,
,,,,
,,,,
,,,,
,,,,
,,,,
,,,,
,,,,
,,,,
,,,,
,,,,
,,,,
,,,,
,,,,
,,,,
,,,,
,,,,
,,,,
,,,,
,,,,
,,,,
,,,,
,,,,
,,,,
,,,,
,,,,
,,,,
,,,,
,,,,
,,,,
,,,,
,,,,
,,,,
,,,,
,,,,
,,,,
,,,,
,,,,
,,,,
,,,,
,,,,
,,,,
,,,,
,,,,
,,,,
,,,,
,,,,
,,,,
,,,,
,,,,
,,,,
,,,,
,,,,
,,,,
,,,,
,,,,
,,,,
,,,,
,,,,
,,,,
,,,,
,,,,
,,,,
,,,,
,,,,
,,,,
,,,,
,,,,
,,,,
,,,,
,,,,
,,,,
,,,,
,,,,
,,,,
,,,,
,,,,
,,,,
,,,,
,,,,
,,,,
,,,,
,,,,
,,,,
,,,,
,,,,
,,,,
,,,,
,,,,
,,,,
,,,,
,,,,
,,,,
,,,,
,,,,
,,,,
,,,,
,,,,
,,,,
,,,,
,,,,
,,,,
,,,,
,,,,
,,,,
,,,,
,,,,
,,,,
,,,,
,,,,
,,,,
,,,,
,,,,
,,,,
,,,,
,,,,
,,,,
,,,,
,,,,
,,,,
,,,,
,,,,
,,,,
,,,,
,,,,
,,,,
,,,,
,,,,
,,,,
,,,,
,,,,
,,,,
,,,,
,,,,
,,,,
,,,,
,,,,
,,,,
,,,,
,,,,
,,,,
,,,,
,,,,
,,,,
,,,,
,,,,
,,,,
,,,,
,,,,
,,,,
,,,,
,,,,
,,,,
,,,,
,,,,
,,,,
,,,,
,,,,
,,,,
,,,,
,,,,
,,,,
,,,,
,,,,
,,,,
,,,,
,,,,
,,,,
,,,,
,,,,
,,,,
,,,,
,,,,
,,,,
,,,,
,,,,
,,,,
,,,,
,,,,
,,,,
,,,,
,,,,
,,,,
,,,,
,,,,
,,,,
,,,,
,,,,
,,,,
,,,,
,,,,
,,,,
,,,,
,,,,
,,,,
,,,,
,,,,
,,,,
,,,,
,,,,
,,,,
,,,,
,,,,
,,,,
,,,,
,,,,
,,,,
,,,,
,,,,
,,,,
,,,,
,,,,
,,,,
,,,,
,,,,
,,,,
,,,,
,,,,
,,,,
,,,,
,,,,
,,,,
,,,,
,,,,
,,,,
,,,,
,,,,
,,,,
,,,,
,,,,
,,,,
,,,,
,,,,
,,,,
,,,,
,,,,
,,,,
,,,,
,,,,
,,,,
,,,,
,,,,
,,,,
,,,,
,,,,
,,,,
,,,,
,,,,
,,,,
,,,,
,,,,
,,,,
,,,,
,,,,
,,,,
,,,,
,,,,
,,,,
,,,,
,,,,
,,,,
,,,,
,,,,
,,,,
,,,,
,,,,
,,,,
,,,,
,,,,
,,,,
,,,,
,,,,
,,,,
,,,,
,,,,
,,,,
,,,,
,,,,
,,,,
,,,,
,,,,
,,,,
,,,,
,,,,
,,,,
,,,,
,,,,
,,,,
,,,,
,,,,
,,,,
,,,,
,,,,
,,,,
,,,,
,,,,
,,,,
,,,,
,,,,
,,,,
,,,,
,,,,
,,,,
,,,,
,,,,
,,,,
,,,,
,,,,
,,,,
,,,,
,,,,
,,,,
,,,,
,,,,
,,,,
,,,,
,,,,
,,,,
,,,,
,,,,
,,,,
,,,,
,,,,
,,,,
,,,,
,,,,
,,,,
,,,,
,,,,
,,,,
,,,,
,,,,
,,,,
,,,,
,,,,
,,,,
,,,,
,,,,
,,,,
,,,,
,,,,
,,,,
,,,,
,,,,
,,,,
,,,,
,,,,
,,,,
,,,,
,,,,
,,,,
,,,,
,,,,
,,,,
,,,,
,,,,
,,,,
,,,,
,,,,
,,,,
,,,,
,,,,
,,,,
,,,,
,,,,
,,,,
,,,,
,,,,
,,,,
,,,,
,,,,
,,,,
,,,,
,,,,
,,,,
,,,,
,,,,
,,,,
,,,,
,,,,
,,,,
,,,,
,,,,
,,,,
,,,,
,,,,
,,,,
,,,,
,,,,
,,,,
,,,,
,,,,
,,,,
,,,,
,,,,
,,,,
,,,,
,,,,
,,,,
,,,,
,,,,
,,,,
,,,,
,,,,
,,,,
,,,,
,,,,
,,,0,
,,,0,
,,,0,
,,,0,
,,,0,
,,,0,
,,,0,
,,,0,
,,,0,
,,,0,
,,,0,
,,,0,
,,,0,
,,,0,
,,,0,
,,,0,
,,,0,
,,,0,
,,,0,
,,,0,
,,,0,
,,,0,
,,,0,
,,,0,
,,,0,
,,,0,
,,,0,
,,,0,
,,,0,
,,,0,
,,,0,
,,,0,
,,,0,
,,,0,
,,,0,
,,,0,
,,,0,
,,,0,
,,,0,
,,,0,
,,,0,
,,,0,
,,,0,
,,,0,
,,,0,
,,,0,
,,,0,
,,,0,
,,,0,
,,,0,
,,,0,
,,,0,
,,,0,
,,,0,
,,,0,
,,,0,
,,,0,
,,,0,
,,,0,
,,,0,
,,,0,
,,,0,
,,,0,
,,,0,
,,,0,
,,,0,
,,,0,
,,,0,
,,,0,
,,,0,
,,,0,
,,,0,
,,,0,
,,,0,
,,,0,
,,,0,
,,,0,
,,,0,
,,,0,
,,,0,
,,,0,
,,,0,
,,,0,
,,,0,
,,,0,
,,,0,
,,,0,
,,,0,
,,,0,
,,,0,
,,,0,
,,,0,
,,,0,
,,,0,
,,,0,
,,,0,
,,,0,
