﻿,Plant.ID,treatment,Year,infl1,infl2,infl3,infl4,infl5,infl6,infl7,infl8,infl9
1,CATO_01,Autogamy,2021,0,0,0,,,,,,
2,CATO_11,Autogamy,2021,0,0,,,,,,,
3,CATO_13,Autogamy,2021,0,0,0,,,,,,
4,CATO_14,Autogamy,2021,0,0,0,,,,,,
5,CATO_16,Autogamy,2021,0,0,,,,,,,
6,CATO_18,Autogamy,2021,0,0,,,,,,,
7,CATO_19,Autogamy,2021,0,0,0,0,0,,,,
8,CATO_20,Autogamy,2021,0,0,0,0,,,,,
9,CATO_01,Geitonogamy,2021,0,,,,,,,,
10,CATO_03,Geitonogamy,2021,0,,,,,,,,
11,CATO_04,Geitonogamy,2021,0,,,,,,,,
12,CATO_06,Geitonogamy,2021,0,0,0,,,,,,
13,CATO_13,Geitonogamy,2021,0,0,0,,,,,,
14,CATO_14,Geitonogamy,2021,0,,,,,,,,
15,CATO_19,Geitonogamy,2021,0,0,,,,,,,
16,CATO_20,Geitonogamy,2021,1,,,,,,,,
17,CATO_03,Pollen suppl.,2021,3,5,6,6,,,,,
18,CATO_04,Pollen suppl.,2021,5,5,6,3,,,,,
19,CATO_13,Pollen suppl.,2021,5,5,5,,,,,,
20,CATO_16,Pollen suppl.,2021,1,6,,,,,,,
21,CATO_18,Pollen suppl.,2021,0,0,,,,,,,
22,CATO_19,Pollen suppl.,2021,2,2,1,1,0,,,,
23,CATO_20,Pollen suppl.,2021,5,6,,,,,,,
24,CATO_23,Pollen suppl.,2021,5,3,6,,,,,,
25,CATO_01,Open,2021,7,7,10,1,,,,,
26,CATO_04,Open,2021,4,1,6,4,,,,,
27,CATO_05,Open,2021,4,,,,,,,,
28,CATO_06,Open,2021,3,3,3,2,,,,,
29,CATO_13,Open,2021,2,2,5,5,4,6,3,5,
30,CATO_16,Open,2021,1,5,2,8,4,5,3,3,
31,CATO_18,Open,2021,7,9,7,11,9,7,,,
32,CATO_19,Open,2021,2,1,2,4,4,1,0,0,0
33,CATO_20,Open,2021,6,6,0,,,,,,
34,CATO_07,Birds & insects,2021,2,5,3,7,5,,,,
35,CATO_08,Birds & insects,2021,6,4,1,,,,,,
36,CATO_14,Birds & insects,2021,4,0,0,0,0,,,,
37,CATO_15,Birds & insects,2021,5,4,3,8,5,1,0,,
38,CATO_17,Birds & insects,2021,6,3,7,8,3,,,,
39,CATO_21,Birds & insects,2021,7,6,1,,,,,,
40,CATO_23,Birds & insects,2021,5,7,3,0,0,,,,
41,CATO_02,Insects only,2021,3,2,2,4,,,,,
42,CATO_09,Insects only,2021,4,0,0,0,,,,,
43,CATO_10,Insects only,2021,6,5,6,2,0,,,,
44,CATO_12,Insects only,2021,2,6,7,2,,,,,
45,CATO_15,Insects only,2021,4,4,5,2,9,5,3,5,3
46,CATO_21,Insects only,2021,6,8,11,0,,,,,
47,CATO_22,Insects only,2021,4,6,4,3,,,,,
48,CATO_24,Insects only,2021,5,2,3,3,3,4,,,
49,CATO_01,Mammals only,2021,4,4,2,3,,,,,
50,CATO_04,Mammals only,2021,4,2,0,0,,,,,
51,CATO_05,Mammals only,2021,1,2,2,,,,,,
52,CATO_06,Mammals only,2021,2,1,3,1,5,2,3,,
53,CATO_13,Mammals only,2021,4,2,1,4,4,3,0,0,
54,CATO_16,Mammals only,2021,2,0,0,0,0,0,0,,
55,CATO_19,Mammals only,2021,2,1,2,2,1,2,1,,
56,CATO_20,Mammals only,2021,3,5,8,0,0,,,,
